frequency,recency,T,monetary_value,predicted_purchases
23.0,222.0,250.0,627.439565,0.070448
30.0,366.0,366.0,307.961,0.070787
18.0,183.0,189.0,345.937222,0.072506
33.0,360.0,362.0,123.195152,0.078478
20.0,190.0,194.0,58.866,0.07905
7.0,12.0,20.0,1399.634286,0.086553
39.0,350.0,370.0,299.122821,0.088876
23.0,163.0,166.0,110.196522,0.102019
46.0,363.0,371.0,220.476739,0.106454
95.0,371.0,371.0,433.962632,0.22039
